{"cameraMode":{"drawMode":0,"name":"Shaded","section":"Shading Mode"},"sceneLighting":false,"audioPlay":false,"sceneViewState":{"showFog":true,"showMaterialUpdate":false,"showSkybox":false,"showFlares":true,"showImageEffects":true,"showParticleSystems":true,"showVisualEffectGraphs":true,"m_FxEnabled":true},"in2DMode":false,"pivot":{"x":0.42293161153793337,"y":2.4591472148895265,"z":-4.171318531036377},"rotation":{"x":0.5092465877532959,"y":-0.06132436543703079,"z":0.036434121429920199,"w":0.8576833009719849},"size":3.936331033706665,"orthographic":false}